{"cameraMode":{"drawMode":0,"name":"Shaded","section":"Shading Mode"},"sceneLighting":true,"audioPlay":false,"sceneViewState":{"showFog":false,"showMaterialUpdate":false,"showSkybox":false,"showFlares":false,"showImageEffects":false,"showParticleSystems":false},"in2DMode":false,"pivot":{"x":-20.147083282470704,"y":2.657650947570801,"z":-4.644105911254883},"rotation":{"x":0.08026903122663498,"y":0.7904217839241028,"z":-0.10618554800748825,"w":0.5980085134506226},"size":17.353744506835939,"orthographic":false}