{"cameraMode":{"drawMode":0,"name":"Shaded","section":"Shading Mode"},"sceneLighting":false,"audioPlay":false,"sceneViewState":{"showFog":false,"showMaterialUpdate":false,"showSkybox":false,"showFlares":false,"showImageEffects":false,"showParticleSystems":false},"in2DMode":false,"pivot":{"x":2450.644287109375,"y":38.62662124633789,"z":2303.875244140625},"rotation":{"x":-0.12011067569255829,"y":-0.8785736560821533,"z":0.3009794056415558,"w":-0.3510090410709381},"size":2.0292699337005617,"orthographic":false}